<?xml version="1.0" encoding="utf-8"?>
<items><item><model>
		  Model#  WRF535SMBM  
	</model><price>$1,699.00</price></item><item><model>
		  Model#  WFG505M0BS  
	</model><price>$699.00</price></item><item><model>
		  Model#  WDT780SAEM  
	</model><price>$699.00</price></item><item><model>
		  Model#  WDT720PADM  
	</model><price>$599.00</price></item><item><model>
		  Model#  WTW5000DW  
	</model><price>$649.00</price></item><item><model>
		  Model#  WDF520PADM  
	</model><price>$499.00</price></item><item><model>
		  Model#  WED4616FW  
	</model><price>$449.00</price></item><item><model>
		  Model#  WRS325FDAM  
	</model><price>$1,299.00</price></item><item><model>
		  Model#  WTW4616FW  
	</model><price>$449.00</price></item><item><model>
		  Model#  WFE515S0ES  
	</model><price>$699.00</price></item><item><model>
		  Model#  WRF736SDAM  
	</model><price>$2,199.00</price></item><item><model>
		  Model#  WFE540H0ES  
	</model><price>$899.00</price></item><item><model>
		  Model#  WTW4915EW  
	</model><price>$549.00</price></item><item><model>
		  Model#  WMH53520CS  
	</model><price>$399.00</price></item><item><model>
		  Model#  WRX735SDBM  
	</model><price>$2,199.00</price></item><item><model>
		  Model#  WMH32519FZ  
	</model><price>$349.00</price></item><item><model>
		  Model#  WRB322DMBM  
	</model><price>$1,399.00</price></item><item><model>
		  Model#  WFW85HEFW  
	</model><price>$899.00</price></item><item><model>
		  Model#  WMH31017FS  
	</model><price>$259.00</price></item><item><model>
		  Model#  WRS322FDAM  
	</model><price>$1,099.00</price></item><item><model>
		  Model#  WED5000DW  
	</model><price>$649.00</price></item><item><model>
		  Model#  WED4815EW  
	</model><price>$499.00</price></item><item><model>
		  Model#  WRT518SZFM  
	</model><price>$749.00</price></item><item><model>
		  Model#  WEE510S0FS  
	</model><price>$1,099.00</price></item></items>